thickness,IF,Hollow,CEC,CaS,E ,Hc
1.007,94.0417321,1.338774698,1.839658206,1.387774594,1.777836,0.47002
1.098,88.98100863,2.046732693,3.03050553,1.483854943,2.932724,0.524245
1.064,90.78659235,1.189481774,3.287258105,1.503128911,3.096046,0.46626
1.092,96.00471115,2.269974653,8.668441746,0.923816853,3.298788,0.521755
0.994,97.43567412,0.374429677,4.937042751,1.151000215,3.035485,0.30345
3.806,90.82397361,1.372266188,12.88686333,2.679175865,2.053821,0.478746
3.633,82.74102079,1.434536122,17.13219452,2.355704698,3.342477,0.433332
3.822,89.28111964,1.687057556,7.179496958,3.482294935,2.341304,0.676408
3.782,82.9168242,4.06805293,9.426533079,2.48553503,2.867593,0.576318
3.897,82.18145509,1.458377555,15.20340152,3.224757076,2.464028,0.282672
2.275,96.91045183,2.723090718,9.463568672,1.138122728,4.387805,0.402281
2.134,94.45943061,8.383585246,0,1.010050251,4.387805,0.160775
2.093,97.61140262,5.442282952,1.227582426,0.555693839,2.387951,0.488966
2.322,91.28646005,2.237574958,0,0.635322976,3.710654,0.287654
2.608,90.70406612,2.881979795,0,1.274795268,4.232336,0.488966
4.29,97.71353943,3.085649682,0,0,0.370451,0.200159
4.26,94.04413049,6.012608662,0,0,0.339031,0.142934
4.244,95.72085622,10.24521461,0,0,0.383993,0.175775
3.433,97.17560554,5.95586951,0,0,0.369609,0.224434
3.466,89.2611011,11.24712487,0,0,0.483238,0.241566
