CEC,CaS,E ,Hc
3.520147441,1.711496746,3.096046,0.521755
4.937042751,1.151000215,3.035485,0.46626
6.410192604,1.483854943,3.298788,0.30345
6.831150345,1.387774594,1.777836,0.524245
3.167462512,0.923816853,2.932724,0.47002
0,0.459854015,0.875805,0.215111
0,0.727712509,0.87728,0.253985
1.341803939,0.428979708,0.918965,0.20861
0,0.471886959,0.852069,0.195604
1.003886607,0.629460649,0.885275,0.264966
13.14223905,0.440507058,2.233355,0.377165
6.201254743,0.511258879,2.287515,0.407597
10.27291549,0.398405817,2.229942,0.390014
13.19811538,0.343905389,2.387606,0.384301
6.266749124,0.43307538,2.330317,0.385571
